{"identifier":"5e74dc001c30f500134be590","visibility":true,"runnable":true,"forkeable":true,"services":[],"constants":[],"type":"APP","description":"Esta app muestra los pasos a seguir para un correcto y recondado lavado de manos para evitar el contagio de COVID-19.","documentation":"# Wash Your Hands App\nEsta app muestra los pasos a seguir para un correcto y recondado lavado de manos para evitar el contagio de COVID-19.\n\n\n## Authors\n\n* **Agustina Dinamarca** - *agustina.d@matrproject.com*","devices":[],"channels":[],"navigationBarStyle":{"textColor":"#FFFFFF","tintColor":"#FFFFFF","backgroundColor":"#135F8DFF","fontSize":18},"selectedThemeId":"59e10fabe7b3ff4db5a2469b","tags":[{"_id":"5e7a984a7b4f9c0014d4e35c","name":"hands","__v":0,"$$hashKey":"object:24971"},{"_id":"5e7a984a7b4f9c0014d4e35d","name":"wash","__v":0,"$$hashKey":"object:24972"},{"_id":"5e7a16d21c30f500134c07f7","name":"covid-19","__v":0,"$$hashKey":"object:24973"}],"standaloneAppProperties":{"appName":{"platform":"ALL","value":"Wash Hands"},"packageName":{"platform":"ALL","value":"com.agustinad.washhands"},"unhandledException":{"platform":"ALL","value":0},"andFirebaseApiKey":{"platform":"ANDROID","value":null},"andFirebaseAppId":{"platform":"ANDROID","value":null},"iosFirebaseApiKey":{"platform":"IOS","value":null},"iosFirebaseAppId":{"platform":"IOS","value":null},"iosFirebaseGCMSenderId":{"platform":"IOS","value":null},"firebaseDatabaseUrl":{"platform":"ALL","value":null}},"standalone":false}